{"cameraMode":{"drawMode":0,"name":"Shaded","section":"Shading Mode"},"sceneLighting":true,"audioPlay":false,"sceneViewState":{"m_AlwaysRefresh":false,"showFog":true,"showSkybox":true,"showFlares":true,"showImageEffects":true,"showParticleSystems":true,"showVisualEffectGraphs":true,"m_FxEnabled":true},"in2DMode":false,"pivot":{"x":3.7368416786193849,"y":-1.2705512046813965,"z":2.277291774749756},"rotation":{"x":0.18406851589679719,"y":0.36311525106430056,"z":-0.07345890253782273,"w":0.9104586839675903},"size":4.268374443054199,"orthographic":false}