{"cameraMode":{"drawMode":0,"name":"Shaded","section":"Shading Mode"},"sceneLighting":true,"audioPlay":false,"sceneViewState":{"m_AlwaysRefresh":false,"showFog":true,"showSkybox":true,"showFlares":true,"showImageEffects":true,"showParticleSystems":true,"showVisualEffectGraphs":true,"m_FxEnabled":true},"in2DMode":false,"pivot":{"x":2.586270809173584,"y":0.6852736473083496,"z":8.451858520507813},"rotation":{"x":0.18957042694091798,"y":-0.4068281054496765,"z":0.08671506494283676,"w":0.8894153833389282},"size":11.519377708435059,"orthographic":false}