{"cameraMode":{"drawMode":0,"name":"Shaded","section":"Shading Mode"},"sceneLighting":true,"audioPlay":false,"sceneViewState":{"m_AlwaysRefresh":false,"showFog":true,"showSkybox":true,"showFlares":true,"showImageEffects":true,"showParticleSystems":true,"showVisualEffectGraphs":true,"m_FxEnabled":true},"in2DMode":false,"pivot":{"x":-2.3295602798461916,"y":0.3499889373779297,"z":2.500430107116699},"rotation":{"x":-0.09866020083427429,"y":0.8660682439804077,"z":-0.18895511329174043,"w":-0.45220524072647097},"size":15.967485427856446,"orthographic":false}