{"cameraMode":{"drawMode":0,"name":"Shaded","section":"Shading Mode"},"sceneLighting":false,"audioPlay":false,"sceneViewState":{"m_AlwaysRefresh":false,"showFog":true,"showSkybox":false,"showFlares":true,"showImageEffects":true,"showParticleSystems":true,"showVisualEffectGraphs":true,"m_FxEnabled":true},"in2DMode":false,"pivot":{"x":-0.0013185739517211915,"y":1.1812275648117066,"z":-0.5742288827896118},"rotation":{"x":0.050544433295726779,"y":0.1299607753753662,"z":-0.006633749231696129,"w":0.9902081489562988},"size":4.402072429656982,"orthographic":false}