{"cameraMode":{"drawMode":0,"name":"Shaded","section":"Shading Mode"},"sceneLighting":false,"audioPlay":false,"sceneViewState":{"m_AlwaysRefresh":false,"showFog":true,"showSkybox":false,"showFlares":true,"showImageEffects":true,"showParticleSystems":true,"showVisualEffectGraphs":true,"m_FxEnabled":true},"in2DMode":false,"pivot":{"x":-0.547711193561554,"y":3.6307475566864015,"z":0.18530035018920899},"rotation":{"x":0.18692342936992646,"y":-0.42025694251060488,"z":0.08891844749450684,"w":0.8834945559501648},"size":4.388154029846191,"orthographic":false}